player,games,wins,win percentage,score,score per game,goals,goals per game,assists,assists per game,saves,saves per game,shots,shots per game,shots conceded,shots conceded per game,goals conceded,goals conceded per game,goals conceded while last defender,goals conceded while last defender per game,shooting percentage,bpm per game,avg boost amount per game,amount collected,amount collected per game,amount collected big pads,amount collected big pads per game,amount collected small pads,amount collected small pads per game,count collected big pads,count collected big pads per game,count collected small pads,count collected small pads per game,amount stolen,amount stolen per game,amount stolen big pads,amount stolen big pads per game,amount stolen small pads,amount stolen small pads per game,count stolen big pads,count stolen big pads per game,count stolen small pads,count stolen small pads per game,0 boost time,0 boost time per game,100 boost time,100 boost time per game,amount used while supersonic,amount used while supersonic per game,amount overfill total,amount overfill total per game,amount overfill stolen,amount overfill stolen per game,avg speed per game,total distance,total distance per game,time slow speed,time slow speed per game,time boost speed,time boost speed per game,time supersonic speed,time supersonic speed per game,time on ground,time on ground per game,time low in air,time low in air per game,time high in air,time high in air per game,time powerslide,time powerslide per game,avg powerslide time per game,count powerslide,count powerslide per game,time most back,time most back per game,time most forward,time most forward per game,time in front of ball,time in front of ball per game,time behind ball,time behind ball per game,time defensive half,time defensive half per game,time offensive half,time offensive half per game,time defensive third,time defensive third per game,time neutral third,time neutral third per game,time offensive third,time offensive third per game,avg distance to ball per game,avg distance to ball has possession per game,avg distance to ball no possession per game,avg distance to team mates per game,demos inflicted,demos inflicted per game,demos taken,demos taken per game
ABot,0.0,-1.0,-1.0,0.022376834196885412,0.022376834196885412,-0.11855403265828768,-0.11855403265828768,0.0,0.0,1.7203870330899846,1.7203870330899846,-0.1297687739877896,-0.1297687739877896,0.565421086661083,0.565421086661083,0.04311055733028642,0.04311055733028642,0.04311055733028642,0.04311055733028642,0.2032878540259843,1.4977762903769678,1.5572513842511913,2.2250098857468426,2.2250098857468426,2.4328706563462057,2.4328706563462057,-0.5473681125194604,-0.5473681125194604,2.283989163326951,2.283989163326951,-0.5735846334000251,-0.5735846334000251,0.16165747882744777,0.16165747882744777,0.337876186164176,0.337876186164176,-0.4016523548222923,-0.4016523548222923,0.3388795643206717,0.3388795643206717,-0.43651608088381316,-0.43651608088381316,-1.1791013970151196,-1.1791013970151196,1.4304270291678334,1.4304270291678334,1.239878333311176,1.239878333311176,0.9759858389045888,0.9759858389045888,0.2324267423521707,0.2324267423521707,0.5914034953975504,0.6265220867262166,0.6265220867262166,-0.3882038569859448,-0.3882038569859448,0.700444525856804,0.700444525856804,0.7883852685884779,0.7883852685884779,-0.25803173014484515,-0.25803173014484515,0.9737416918763524,0.9737416918763524,-0.38552370083376364,-0.38552370083376364,-0.5307436264790828,-0.5307436264790828,-0.4205983780298793,-0.5321179932356715,-0.5321179932356715,0.3759207227910576,0.3759207227910576,0.3759207227910576,0.3759207227910576,0.5769364211971748,0.5769364211971748,-0.11194890463937449,-0.11194890463937449,0.7954550439364872,0.7954550439364872,-0.6902994374840864,-0.6902994374840864,0.9441473228301758,0.9441473228301758,-0.11206447918445839,-0.11206447918445839,-0.755752259617831,-0.755752259617831,0.3234786958559858,0.6908290682625008,-0.16889302561806255,0.0,-0.019748812638334102,-0.019748812638334102,-0.3159810022133457,-0.3159810022133457
AdversityBot,0.0,1.0,1.0,-0.3856202009657446,-0.3856202009657446,-0.28021862264686176,-0.28021862264686176,0.0,0.0,-0.7373087284671364,-0.7373087284671364,-0.2688067461175641,-0.2688067461175641,-0.40784471824733864,-0.40784471824733864,-0.44188321263543584,-0.44188321263543584,-0.44188321263543584,-0.44188321263543584,0.04066668123504529,2.9081955330649287,1.5478822670252668,2.7050607368649406,2.7050607368649406,2.9195511658688944,2.9195511658688944,-0.5162086374234759,-0.5162086374234759,2.9749438681989697,2.9749438681989697,-0.5132073035684435,-0.5132073035684435,-0.1510540421950747,-0.1510540421950747,0.27246069836963666,0.27246069836963666,-1.1883940807628648,-1.1883940807628648,0.3388795643206717,0.3388795643206717,-1.20121578462188,-1.20121578462188,-1.1358703839775923,-1.1358703839775923,-0.6868299964863787,-0.6868299964863787,2.9153895945424946,2.9153895945424946,2.486440113399786,2.486440113399786,0.6031326858505696,0.6031326858505696,1.0584844485406064,0.15475854782337392,0.15475854782337392,-1.2626084055092142,-1.2626084055092142,0.5708109642652371,0.5708109642652371,0.716516838663613,0.716516838663613,-0.43379407305614304,-0.43379407305614304,-0.23155415200596283,-0.23155415200596283,-0.8233773828637238,-0.8233773828637238,-0.38987490438471273,-0.38987490438471273,-0.4205983780298793,-0.23649688588252074,-0.23649688588252074,-0.5325045532700012,-0.5325045532700012,-0.5325045532700012,-0.5325045532700012,0.8280320977867253,0.8280320977867253,-1.0477054898750666,-1.0477054898750666,0.26867902624300194,0.26867902624300194,-1.1028737660608763,-1.1028737660608763,0.10879853915006281,0.10879853915006281,-0.1785897077224072,-0.1785897077224072,-0.9356477075896623,-0.9356477075896623,0.37188432672030935,0.6539997318284742,0.05735391676710903,0.0,2.3501087039617587,2.3501087039617587,-0.019748812638334102,-0.019748812638334102
Aether,0.0,1.0,1.0,-0.4012622598218199,-0.4012622598218199,-0.60354780262401,-0.60354780262401,0.0,0.0,-0.7373087284671364,-0.7373087284671364,-0.2688067461175641,-0.2688067461175641,-0.8249586346366623,-0.8249586346366623,-0.765212392612584,-0.765212392612584,-0.765212392612584,-0.765212392612584,-1.0983648105401438,-2.0092120968471514,0.28617448060074396,-1.443765839330453,-1.443765839330453,-1.024422580700217,-1.024422580700217,-1.8093268539068312,-1.8093268539068312,-0.9404661260758032,-0.9404661260758032,-1.7207539002000751,-1.7207539002000751,-0.6039465898828659,-0.6039465898828659,-0.3536589705209539,-0.3536589705209539,-0.9151048496466659,-0.9151048496466659,-0.21065486430744454,-0.21065486430744454,-0.8188659327528466,-0.8188659327528466,0.29893755843781383,0.29893755843781383,2.643707359520986,2.643707359520986,-0.7105886220709234,-0.7105886220709234,-0.14071753497433895,-0.14071753497433895,0.9032279734445116,0.9032279734445116,-1.3605766072898478,-1.0479761648989567,-1.0479761648989567,0.7091613955055076,0.7091613955055076,-2.138795031287485,-2.138795031287485,-0.9753857824842471,-0.9753857824842471,-0.2236674335038922,-0.2236674335038922,-0.8789901110856048,-0.8789901110856048,-1.190564806085051,-1.190564806085051,-0.6923283371167427,-0.6923283371167427,-0.12159479175271382,-0.9098560748535864,-0.9098560748535864,-0.6619949983225644,-0.6619949983225644,-0.6619949983225644,-0.6619949983225644,0.34553842446686706,0.34553842446686706,-0.9371928358331659,-0.9371928358331659,-1.0347092151921786,-1.0347092151921786,0.3338473951814152,0.3338473951814152,-0.9183876687078817,-0.9183876687078817,-0.8573398655588728,-0.8573398655588728,0.5519983373405161,0.5519983373405161,-2.0832492707181793,-2.0596527390604926,-1.3229425552634335,0.0,-0.019748812638334102,-0.019748812638334102,-0.3159810022133457,-0.3159810022133457
Air Bud,0.0,-1.0,-1.0,-0.25396620559377775,-0.25396620559377775,-0.28021862264686176,-0.28021862264686176,0.0,0.0,0.08192319205190401,0.08192319205190401,-0.40784471824733864,-0.40784471824733864,-0.40784471824733864,-0.40784471824733864,0.04311055733028642,0.04311055733028642,0.04311055733028642,0.04311055733028642,0.49607429327353564,1.878970680292633,1.4031814565359857,1.4158919189429506,1.4158919189429506,1.466158278141302,1.466158278141302,-0.0280435275863859,-0.0280435275863859,1.3627162234975925,1.3627162234975925,-0.09056599474737238,-0.09056599474737238,0.38540796369701125,0.38540796369701125,0.45624706884000904,0.45624706884000904,-0.02898522148202109,-0.02898522148202109,0.6136467786347298,0.6136467786347298,-0.054166229014779715,-0.054166229014779715,-0.9707111254313111,-0.9707111254313111,-0.7899312081704098,-0.7899312081704098,2.0561530503213055,2.0561530503213055,0.2853080296268705,0.2853080296268705,0.7267013336833692,0.7267013336833692,1.2327683862805527,0.5180129195553288,0.5180129195553288,-1.074679935055584,-1.074679935055584,0.6014997257848734,0.6014997257848734,1.3132814800040087,1.3132814800040087,0.024921996784104918,0.024921996784104918,-0.34526600185200346,-0.34526600185200346,-0.45618995964239645,-0.45618995964239645,-0.4324906522451944,-0.4324906522451944,-0.4205983780298793,-0.3186138601472849,-0.3186138601472849,-0.21176668167826743,-0.21176668167826743,-0.21176668167826743,-0.21176668167826743,0.04828252840918984,0.04828252840918984,-0.22370327389522943,-0.22370327389522943,-0.2280415080161126,-0.2280415080161126,0.024724015745420602,0.024724015745420602,-0.42959423179105605,-0.42959423179105605,0.500160450114058,0.500160450114058,-0.09145748483768867,-0.09145748483768867,0.2963715425719647,0.958678787782695,-0.3171893407948977,0.0,-0.3159810022133457,-0.3159810022133457,-0.019748812638334102,-0.019748812638334102
Aries,0.0,-1.0,-1.0,-1.19509674676764,-1.19509674676764,-0.9268769826011581,-0.9268769826011581,0.0,0.0,-0.7373087284671364,-0.7373087284671364,-1.1030345788962113,-1.1030345788962113,0.009269198141984935,0.009269198141984935,0.04311055733028642,0.04311055733028642,0.04311055733028642,0.04311055733028642,-2.2370546611960243,0.9069249860076869,1.4677242640923553,0.9268078528844579,0.9268078528844579,0.9728291277781395,0.9728291277781395,-0.06958949438103186,-0.06958949438103186,1.3627162234975925,1.3627162234975925,0.030188664915790794,0.030188664915790794,2.399162327523083,2.399162327523083,2.6679135609411,2.6679135609411,0.2774299770422019,0.2774299770422019,2.811784493147195,2.811784493147195,0.32818362285425373,0.32818362285425373,-0.38604315299174374,-0.38604315299174374,1.60655826579472,1.60655826579472,2.96264760447466,2.96264760447466,3.0415643339407556,3.0415643339407556,2.9509369946737625,2.9509369946737625,2.8222378984688627,0.8265581041410257,0.8265581041410257,-1.9900332720869764,-1.9900332720869764,-0.3625506791940488,-0.3625506791940488,3.529652524294037,3.529652524294037,-0.38161709054166804,-0.38161709054166804,-0.7274572521004004,-0.7274572521004004,-0.7707240919867032,-0.7707240919867032,-0.9207960964798808,-0.9207960964798808,-1.2578084196059425,-1.123360207941973,-1.123360207941973,-0.8472659427823857,-0.8472659427823857,-0.8472659427823857,-0.8472659427823857,2.43607905356862,2.43607905356862,-2.2530384480601597,-2.2530384480601597,-0.8781255135497185,-0.8781255135497185,0.1130700724819576,0.1130700724819576,-0.8803081800053596,-0.8803081800053596,-0.36177511963849884,-0.36177511963849884,0.15456974128927176,0.15456974128927176,1.8414792797611712,3.093106240209242,1.2209096204622771,0.0,4.719966220561852,4.719966220561852,-0.3159810022133457,-0.3159810022133457
Beast from the East,0.0,1.0,1.0,-0.44818843639004574,-0.44818843639004574,-0.44188321263543584,-0.44188321263543584,0.0,0.0,-0.7373087284671364,-0.7373087284671364,-0.5468826903771132,-0.5468826903771132,-0.8249586346366623,-0.8249586346366623,-0.765212392612584,-0.765212392612584,-0.765212392612584,-0.765212392612584,0.32525373361918813,-0.7703303296212398,0.07380782347978398,-0.8062789563940534,-0.8062789563940534,-0.856876831520275,-0.856876831520275,0.10178761864688271,0.10178761864688271,-0.9404661260758032,-0.9404661260758032,0.15094332457895396,0.15094332457895396,-0.665949736292504,-0.665949736292504,-0.6963115256352074,-0.6963115256352074,-0.19461505852214162,-0.19461505852214162,-0.7601892929355608,-0.7601892929355608,-0.24534115494929642,-0.24534115494929642,-0.5086009763602676,-0.5086009763602676,-0.5610219703243168,-0.5610219703243168,-0.43992911064124884,-0.43992911064124884,-1.0766827905376022,-1.0766827905376022,-0.9503017440474829,-0.9503017440474829,0.28466376497524504,-0.4537204803339765,-0.4537204803339765,-0.9649122700433148,-0.9649122700433148,-0.1985245400373716,-0.1985245400373716,0.0461726143049033,0.0461726143049033,-0.44545901778747593,-0.44545901778747593,-0.8521172888025144,-0.8521172888025144,-0.8150637053568258,-0.8150637053568258,-0.9249392941885387,-0.9249392941885387,-1.3176091368613756,-1.2383239719126429,-1.2383239719126429,-0.8871091566447128,-0.8871091566447128,-0.8871091566447128,-0.8871091566447128,-1.0677203638180615,-1.0677203638180615,-0.18285084335614513,-0.18285084335614513,-0.2825170717409101,-0.2825170717409101,-0.8313369793517588,-0.8313369793517588,-0.057919222312239296,-0.057919222312239296,-1.1980004561396744,-1.1980004561396744,-0.5845751489590556,-0.5845751489590556,1.103777465388881,1.0407077643857543,1.264638021091344,0.0,-0.3159810022133457,-0.3159810022133457,-0.3159810022133457,-0.3159810022133457
BroccoliBot,0.0,-1.0,-1.0,-0.7962242459377206,-0.7962242459377206,-0.765212392612584,-0.765212392612584,0.0,0.0,0.08192319205190401,0.08192319205190401,-0.8249586346366623,-0.8249586346366623,-0.2688067461175641,-0.2688067461175641,-0.60354780262401,-0.60354780262401,-0.60354780262401,-0.60354780262401,-0.5288490646525493,-0.5416136956718407,-0.4071401941176825,-0.7624033409692811,-0.7624033409692811,-0.5377420711775284,-0.5377420711775284,-0.9680210263152507,-0.9680210263152507,-0.5949887736397939,-0.5949887736397939,-0.875471282557933,-0.875471282557933,-0.33167190347532477,-0.33167190347532477,-0.11380218194097641,-0.11380218194097641,-0.7163490451985213,-0.7163490451985213,-0.21065486430744454,-0.21065486430744454,-0.7232784697855882,-0.7232784697855882,0.3409094157558014,0.3409094157558014,-0.10443089000932136,-0.10443089000932136,-0.7707351801664066,-0.7707351801664066,-0.734571352297237,-0.734571352297237,-0.7384697763341121,-0.7384697763341121,-1.0538368768675423,-0.9353703403524563,-0.9353703403524563,-0.01374820541926692,-0.01374820541926692,-0.9821461919439488,-0.9821461919439488,-0.9882194306851159,-0.9882194306851159,-0.6054579218726485,-0.6054579218726485,-0.44156028169974354,-0.44156028169974354,-0.6862017039999072,-0.6862017039999072,-0.08091073239622021,-0.08091073239622021,1.9714303121874441,-0.8113157057358695,-0.8113157057358695,-0.6619949983225644,-0.6619949983225644,-0.6619949983225644,-0.6619949983225644,-0.11586480375117426,-0.11586480375117426,-0.6863663626144691,-0.6863663626144691,-0.2575602863891554,-0.2575602863891554,-0.7361410295481742,-0.7361410295481742,-0.15215795695839626,-0.15215795695839626,-1.262918795099412,-1.262918795099412,-0.2615713836290184,-0.2615713836290184,-0.44713894750404454,-0.48938375837335457,-0.5947696230489737,0.0,-0.3159810022133457,-0.3159810022133457,-0.019748812638334102,-0.019748812638334102
DisasterBot,0.0,-1.0,-1.0,-0.13274024945919438,-0.13274024945919438,-0.28021862264686176,-0.28021862264686176,0.0,0.0,2.539618953609025,2.539618953609025,-0.5468826903771132,-0.5468826903771132,0.14830717027175946,0.14830717027175946,-0.11855403265828768,-0.11855403265828768,-0.11855403265828768,-0.11855403265828768,1.1793565318909256,-0.894218506343831,-2.006136200675494,-0.9508103954403627,-0.9508103954403627,-1.1228224651392307,-1.1228224651392307,0.5587932533879882,0.5587932533879882,-1.1707843610331428,-1.1707843610331428,0.6339619632316067,0.6339619632316067,-0.6982992039844891,-0.6982992039844891,-0.6963115256352074,-0.6963115256352074,-0.29399296074621395,-0.29399296074621395,-0.7601892929355608,-0.7601892929355608,-0.34092861791655477,-0.34092861791655477,2.1847331077349965,2.1847331077349965,-1.2716838937178176,-1.2716838937178176,-0.7879199110508304,-0.7879199110508304,-1.1218673201165184,-1.1218673201165184,-0.9503017440474829,-0.9503017440474829,-2.5945068864886673,-1.6197106845546372,-1.6197106845546372,1.0601065259135294,1.0601065259135294,-1.9790018247542058,-1.9790018247542058,-0.7709029878170721,-0.7709029878170721,0.6494694430751918,0.6494694430751918,-1.432122369745883,-1.432122369745883,-1.1600813218930919,-1.1600813218930919,1.4994232507633103,1.4994232507633103,0.23720951177988467,1.3073022302950446,1.3073022302950446,-0.3830925012862745,-0.3830925012862745,-0.3830925012862745,-0.3830925012862745,-1.072495558935454,-1.072495558935454,0.3622621355696366,0.3622621355696366,0.3829972043058773,0.3829972043058773,-0.9356661199114068,-0.9356661199114068,0.15711789036082563,0.15711789036082563,0.6316040176117448,0.6316040176117448,-1.1525429285486075,-1.1525429285486075,-0.13734290997237403,-0.116068211792084,-0.2715597053558715,0.0,-0.3159810022133457,-0.3159810022133457,-0.3159810022133457,-0.3159810022133457
Element,0.0,1.0,1.0,1.1538190914529969,1.1538190914529969,1.013098097261731,1.013098097261731,0.0,0.0,0.08192319205190401,0.08192319205190401,0.9825350030504066,0.9825350030504066,-0.2688067461175641,-0.2688067461175641,-0.11855403265828768,-0.11855403265828768,-0.11855403265828768,-0.11855403265828768,0.49607429327353564,-0.19853874474774208,-0.8953753028908682,0.04155278872581396,0.04155278872581396,-0.1228668827319576,-0.1228668827319576,0.6470784328266108,0.6470784328266108,-0.1343523037251147,-0.1343523037251147,0.6339619632316067,0.6339619632316067,-0.5095939757812428,-0.5095939757812428,-0.6963115256352074,-0.6963115256352074,0.2857114688942079,0.2857114688942079,-0.7601892929355608,-0.7601892929355608,0.23259615988699536,0.23259615988699536,0.8141421070161114,0.8141421070161114,-0.13879796057066524,-0.13879796057066524,-0.13060395472162076,-0.13060395472162076,-0.17299219895927906,-0.17299219895927906,-0.9503017440474829,-0.9503017440474829,0.7168879305703117,0.81314991176115,0.81314991176115,0.02813477598257766,0.02813477598257766,0.8348401366496946,0.8348401366496946,0.5436903762252476,0.5436903762252476,0.4669288214686604,0.4669288214686604,0.15611119167047094,0.15611119167047094,1.4102306406562,1.4102306406562,-0.7603951566161232,-0.7603951566161232,-0.6598012470516116,-0.8113157057358695,-0.8113157057358695,0.46357579328817683,0.46357579328817683,0.46357579328817683,0.46357579328817683,0.4750655920261366,0.4750655920261366,0.27559041363565107,0.27559041363565107,0.5495099495829066,0.5495099495829066,0.08988581902425816,0.08988581902425816,0.5316728611700853,0.5316728611700853,0.23663055928740032,0.23663055928740032,0.11650675643471191,0.11650675643471191,-0.7065931289368186,-0.20144530988914588,-0.7982017477146321,0.0,-0.3159810022133457,-0.3159810022133457,-0.3159810022133457,-0.3159810022133457
ElkBot,0.0,-1.0,-1.0,-0.549861818954535,-0.549861818954535,-0.44188321263543584,-0.44188321263543584,0.0,0.0,-0.7373087284671364,-0.7373087284671364,-0.40784471824733864,-0.40784471824733864,-0.2688067461175641,-0.2688067461175641,-0.28021862264686176,-0.28021862264686176,-0.28021862264686176,-0.28021862264686176,-0.18720794534385432,-0.7322108906296733,-1.6178383423121712,-1.2579397034137698,-1.2579397034137698,-1.1228224651392307,-1.1228224651392307,-0.6771992587527289,-0.6771992587527289,-1.1707843610331428,-1.1707843610331428,-0.7547166228947698,-0.7547166228947698,-0.9301370557770487,-0.9301370557770487,-1.007813848466347,-1.007813848466347,-0.17805207481812957,-0.17805207481812957,-1.034956507249619,-1.034956507249619,-0.24534115494929642,-0.24534115494929642,0.27354458476043114,0.27354458476043114,-1.1919031942004124,-1.1919031942004124,-0.7019962566287115,-0.7019962566287115,-1.1218673201165184,-1.1218673201165184,-0.9503017440474829,-0.9503017440474829,-1.1026363794347271,-1.2069933552747854,-1.2069933552747854,-0.01483809712860938,-0.01483809712860938,-1.1871788658897953,-1.1871788658897953,-0.9073674470196429,-0.9073674470196429,-0.8417518698762674,-0.8417518698762674,-0.18278495601072517,-0.18278495601072517,-0.8718738349872953,-0.8718738349872953,-0.618934549134802,-0.618934549134802,-0.3607976607744462,-0.6963519417651998,-0.6963519417651998,-0.45680244693157945,-0.45680244693157945,-0.45680244693157945,-0.45680244693157945,-1.1134826503597388,-1.1134826503597388,-0.13752823804682576,-0.13752823804682576,-1.108640337390118,-1.108640337390118,0.27377910213192064,0.27377910213192064,-1.0175863367564681,-1.0175863367564681,-0.5186075424719244,-0.5186075424719244,0.27003455009388694,0.27003455009388694,0.579060426819614,0.2555732740421854,0.7969342578413253,0.0,-0.019748812638334102,-0.019748812638334102,2.3501087039617587,2.3501087039617587
FormularBot 1.5,0.0,-1.0,-1.0,-0.7349595154180925,-0.7349595154180925,-0.765212392612584,-0.765212392612584,0.0,0.0,0.08192319205190401,0.08192319205190401,-0.8249586346366623,-0.8249586346366623,-0.5468826903771132,-0.5468826903771132,-0.44188321263543584,-0.44188321263543584,-0.44188321263543584,-0.44188321263543584,-0.5288490646525493,1.6502540463432338,0.9919813116204024,1.103600773860747,1.103600773860747,1.4329150739389327,1.4329150739389327,-1.1549778768911574,-1.1549778768911574,1.2475571060189228,1.2475571060189228,-1.0566032720526777,-1.0566032720526777,0.8625626121537913,0.8625626121537913,1.368948874735248,1.368948874735248,-0.9896382763147201,-0.9896382763147201,1.163181207262846,1.163181207262846,-0.914453395720105,-0.914453395720105,-0.3323191756247196,-0.3323191756247196,0.7044226635594472,0.7044226635594472,-0.6547382466965461,-0.6547382466965461,-0.3020908548990395,-0.3020908548990395,-0.3148058409073705,-0.3148058409073705,-0.07087546801424534,-0.6120792793458673,-0.6120792793458673,-0.775115413802242,-0.775115413802242,-0.17471429403075703,-0.17471429403075703,-0.5129466589796108,-0.5129466589796108,-1.0689030233607337,-1.0689030233607337,0.10883493024651542,0.10883493024651542,-0.6862017039999072,-0.6862017039999072,-0.224738881425346,-0.224738881425346,0.9548181188450816,-0.7291987314711054,-0.7291987314711054,-0.8811326745653635,-0.8811326745653635,-0.8811326745653635,-0.8811326745653635,0.32763144277664596,0.32763144277664596,-1.0536657229020459,-1.0536657229020459,-0.7093317717620455,-0.7093317717620455,-0.272631598677953,-0.272631598677953,-0.6836708202767905,-0.6836708202767905,-0.5722776543841829,-0.5722776543841829,-0.16694552742634117,-0.16694552742634117,0.4551420118069458,-0.092631361334067,0.9927614432671461,0.0,-0.3159810022133457,-0.3159810022133457,-0.3159810022133457,-0.3159810022133457
Isopod,0.0,1.0,1.0,-0.22528909769097308,-0.22528909769097308,-0.28021862264686176,-0.28021862264686176,0.0,0.0,0.08192319205190401,0.08192319205190401,-0.2688067461175641,-0.2688067461175641,-0.40784471824733864,-0.40784471824733864,-0.44188321263543584,-0.44188321263543584,-0.44188321263543584,-0.44188321263543584,0.04066668123504529,-0.9418678050832892,0.8878800091101282,-0.7430464518112933,-0.7430464518112933,-0.7584769470812615,-0.7584769470812615,-0.0280435275863859,-0.0280435275863859,-0.7101478911184637,-0.7101478911184637,0.030188664915790794,0.030188664915790794,-0.3613255821929778,-0.3613255821929778,-0.49071999256665527,-0.49071999256665527,0.19461505852214162,0.19461505852214162,-0.48542207862150266,-0.48542207862150266,0.23259615988699536,0.23259615988699536,-1.699342568471576,-1.699342568471576,0.08397430038947376,0.08397430038947376,-0.3024512635658586,-0.3024512635658586,-0.3020908548990395,-0.3020908548990395,-0.350111168859599,-0.350111168859599,-0.9283524416947809,-0.6480608899178952,-0.6480608899178952,0.43014911791403776,0.43014911791403776,-0.9734157684081898,-0.9734157684081898,-0.8568884307628926,-0.8568884307628926,-0.5578523366177497,-0.5578523366177497,-0.3368060392814008,-0.3368060392814008,2.7334909771707943,2.7334909771707943,-0.3798128528065433,-0.3798128528065433,0.7156152498233495,-0.7948923108829167,-0.7948923108829167,-0.38110034059315767,-0.38110034059315767,-0.38110034059315767,-0.38110034059315767,-0.19863485245264292,-0.19863485245264292,-0.23847968494128133,-0.23847968494128133,-0.8777229847537223,-0.8777229847537223,0.6361208815503615,0.6361208815503615,-0.852468553811079,-0.852468553811079,-0.7111129139416419,-0.7111129139416419,0.9825991436560693,0.9825991436560693,-1.4404224928399632,-0.8844620946656409,-1.1632388312268418,0.0,-0.019748812638334102,-0.019748812638334102,-0.3159810022133457,-0.3159810022133457
Leaf,0.0,1.0,1.0,0.3195759524623156,0.3195759524623156,0.36643973730743457,0.36643973730743457,0.0,0.0,-0.7373087284671364,-0.7373087284671364,0.14830717027175946,0.14830717027175946,-0.8249586346366623,-0.8249586346366623,-0.60354780262401,-0.60354780262401,-0.60354780262401,-0.60354780262401,0.7997932483389655,-0.5987928541591905,-1.2451556793253897,-0.8578973274820211,-0.8578973274820211,-0.725233742878892,-0.725233742878892,-0.6200735544100907,-0.6200735544100907,-0.8253070085971335,-0.8253070085971335,-0.6339619632316067,-0.6339619632316067,-0.49072345296091807,-0.49072345296091807,-0.38792422603237925,-0.38792422603237925,-0.4761857814903465,-0.4761857814903465,-0.48542207862150266,-0.48542207862150266,-0.43651608088381316,-0.43651608088381316,2.1301696932216125,2.1301696932216125,-1.055048609643633,-1.055048609643633,-0.6332573330910164,-0.6332573330910164,-1.1218673201165184,-1.1218673201165184,-0.9503017440474829,-0.9503017440474829,-0.4961282760997142,-0.3971510763181799,-0.3971510763181799,-0.16539885183338102,-0.16539885183338102,0.10386558424663181,0.10386558424663181,-0.32899770143382573,-0.32899770143382573,-1.1097303299203984,-1.1097303299203984,1.0976552612928248,1.0976552612928248,1.6485560625206084,1.6485560625206084,-0.6437937353867496,-0.6437937353867496,-0.9588048333287771,0.026277431764724423,0.026277431764724423,-0.2456334134612464,-0.2456334134612464,-0.2456334134612464,-0.2456334134612464,-0.11288030680280418,-0.11288030680280418,-0.10822375899751323,-0.10822375899751323,-0.5404038537090403,-0.5404038537090403,0.4546865344154856,0.4546865344154856,-0.5451126807121519,-0.5451126807121519,0.791007463770309,0.791007463770309,-0.10464131199401681,-0.10464131199401681,-1.0609223468636668,-0.5044503050963655,-1.231683284385381,0.0,-0.3159810022133457,-0.3159810022133457,-0.3159810022133457,-0.3159810022133457
Molten,0.0,-1.0,-1.0,-1.0360691483975415,-1.0360691483975415,-0.9268769826011581,-0.9268769826011581,0.0,0.0,0.08192319205190401,0.08192319205190401,-1.1030345788962113,-1.1030345788962113,2.92906661286725,2.92906661286725,2.6297439971474716,2.6297439971474716,2.6297439971474716,2.6297439971474716,-2.2370546611960243,0.16359592567213982,-1.7583751007010415,-0.2810620305739834,-0.2810620305739834,-0.8741632977055072,-0.8741632977055072,2.2829508753657954,2.2829508753657954,-0.9404661260758032,-0.9404661260758032,2.3849045283474726,2.3849045283474726,-1.0002275691096831,-1.0002275691096831,-1.007813848466347,-1.007813848466347,-0.3933708629702863,-0.3933708629702863,-1.034956507249619,-1.034956507249619,-0.43651608088381316,-0.43651608088381316,0.46892358057566347,0.46892358057566347,-0.9617665609771285,-0.9617665609771285,-0.6332573330910164,-0.6332573330910164,-1.0056785297707338,-1.0056785297707338,-0.9503017440474829,-0.9503017440474829,-0.14058904311022385,0.6630575820964779,0.6630575820964779,1.282288735803612,1.282288735803612,0.5017612508460549,0.5017612508460549,-0.20408352561203674,-0.20408352561203674,0.6281888006599222,0.6281888006599222,1.481588268541052,1.481588268541052,-0.3952229912584779,-0.3952229912584779,-0.29576512785948217,-0.29576512785948217,0.11760807726901838,-0.5156945983827187,-0.5156945983827187,1.0851299295404797,1.0851299295404797,1.0851299295404797,1.0851299295404797,1.7595930786046952,1.7595930786046952,0.10063273998954073,0.10063273998954073,2.424623257597797,2.424623257597797,-1.4782127784783308,-1.4782127784783308,2.5372459321201375,2.5372459321201375,0.5152652121492444,0.5152652121492444,-1.6601202740672376,-1.6601202740672376,0.9004738157587221,-0.10769790805707793,0.7436996831624614,0.0,-0.3159810022133457,-0.3159810022133457,-0.3159810022133457,-0.3159810022133457
Necto,0.0,1.0,1.0,2.669795295587625,2.669795295587625,2.6297439971474716,2.6297439971474716,0.0,0.0,-0.7373087284671364,-0.7373087284671364,2.92906661286725,2.92906661286725,-1.1030345788962113,-1.1030345788962113,-0.9268769826011581,-0.9268769826011581,-0.9268769826011581,-0.9268769826011581,0.3546348698797359,-0.5416136956718407,-0.3675816991637784,-0.07716946477651147,-0.07716946477651147,-0.19467220380907563,-0.19467220380907563,0.4497350905520426,0.4497350905520426,-0.019193186246444897,-0.019193186246444897,0.3320753140736987,0.3320753140736987,1.0755299411260264,1.0755299411260264,0.755289298757903,0.755289298757903,1.2960534748389432,1.2960534748389432,0.888413992948788,0.888413992948788,1.188470789559579,1.188470789559579,-0.6030376553257397,-0.6030376553257397,-0.2793347312590172,-0.2793347312590172,-0.349709273498024,-0.349709273498024,0.8210674517768763,0.8210674517768763,1.39750256477571,1.39750256477571,-0.30790162334057225,0.5489782149735452,0.5489782149735452,1.2307524278333122,1.2307524278333122,0.8729365302602776,0.8729365302602776,-0.6626725546564125,-0.6626725546564125,0.8521872663791642,0.8521872663791642,0.8296735057475615,0.8296735057475615,1.2661268972033013,1.2661268972033013,-0.623669632230411,-0.623669632230411,-0.6000005297961786,-0.5649647829415771,-0.5649647829415771,1.0851299295404797,1.0851299295404797,1.0851299295404797,1.0851299295404797,-1.454909101253296,-1.454909101253296,2.1067478396535315,2.1067478396535315,-0.40743517476501484,-0.40743517476501484,2.2291601153483542,2.2291601153483542,-0.7374300984450569,-0.7374300984450569,0.7591910501217243,0.7591910501217243,2.530635622657169,2.530635622657169,-1.051241220690802,-0.20814155287715072,-1.99597967798907,0.0,-0.3159810022133457,-0.3159810022133457,-0.3159810022133457,-0.3159810022133457
Nexto,0.0,1.0,1.0,-0.15881034755265316,-0.15881034755265316,-0.44188321263543584,-0.44188321263543584,0.0,0.0,0.9011551125709444,0.9011551125709444,0.42638311453130856,0.42638311453130856,-0.40784471824733864,-0.40784471824733864,-0.9268769826011581,-0.9268769826011581,-0.9268769826011581,-0.9268769826011581,-1.3053993288412131,0.11594662693268167,0.7015386776167375,-0.17266345128925148,-0.17266345128925148,-0.04707237715055526,-0.04707237715055526,-0.5110153915741451,-0.5110153915741451,0.0959659312322249,0.0959659312322249,-0.4528299737368619,-0.4528299737368619,-0.2939308578346755,-0.2939308578346755,-0.37857915634744504,-0.37857915634744504,0.10351864815007533,0.10351864815007533,-0.21065486430744454,-0.21065486430744454,0.041421233952478646,0.041421233952478646,-1.387281809312338,-1.387281809312338,1.373353144128459,1.373353144128459,0.13575937398694785,0.13575937398694785,0.7500631910100081,0.7500631910100081,0.7620066616355977,0.7620066616355977,0.24283561991765792,-0.5829010462011963,-0.5829010462011963,-1.0147358910417916,-1.0147358910417916,-0.4805436760712713,-0.4805436760712713,0.06371193351275722,0.06371193351275722,-0.8170032709192506,-0.8170032709192506,-0.6085201312548705,-0.6085201312548705,-0.7707240919867032,-0.7707240919867032,-0.13358853183487127,-0.13358853183487127,-0.9588048333287771,2.473363264854695,2.473363264854695,-1.016599601697276,-1.016599601697276,-1.016599601697276,-1.016599601697276,-1.2499736441318718,-1.2499736441318718,-0.23624459755616484,-0.23624459755616484,-0.7564276408935822,-0.7564276408935822,-0.44739169102955234,-0.44739169102955234,-0.5595124873643662,-0.5595124873643662,-1.6498578055327002,-1.6498578055327002,0.09502987671230642,0.09502987671230642,-1.345547456345889,-1.3146957066449527,-0.8989671926424817,0.0,-0.3159810022133457,-0.3159810022133457,-0.019748812638334102,-0.019748812638334102
Nexto-EZ40,0.0,-1.0,-1.0,-0.7597261086068783,-0.7597261086068783,-0.60354780262401,-0.60354780262401,0.0,0.0,0.08192319205190401,0.08192319205190401,-0.8249586346366623,-0.8249586346366623,0.8434970309206321,0.8434970309206321,0.6897689172845828,0.6897689172845828,0.6897689172845828,0.6897689172845828,1.1793565318909256,-0.6178525736549737,-0.22288088867449685,-0.6023863905965816,-0.6023863905965816,-0.5603474500351395,-0.5603474500351395,-0.23577336155961567,-0.23577336155961567,-0.47982965616112405,-0.47982965616112405,-0.27169798424211716,-0.27169798424211716,-1.0379686147503324,-1.0379686147503324,-0.7710720831146809,-0.7710720831146809,-1.1387051296508286,-1.1387051296508286,-0.7601892929355608,-0.7601892929355608,-1.1056283216546217,-1.1056283216546217,-0.3161600105572945,-0.3161600105572945,-0.2106005901363297,-0.2106005901363297,-0.17786196465378618,-0.17786196465378618,0.014200852153373574,0.014200852153373574,-0.5442904725968556,-0.5442904725968556,-0.06390411050464749,-0.027406846855981236,-0.027406846855981236,0.40523730741479896,0.40523730741479896,-0.19429160741397358,-0.19429160741397358,-0.5484530856686809,-0.5484530856686809,0.5096477406874598,0.5096477406874598,-1.0733204277809163,-1.0733204277809163,2.3094934243189975,2.3094934243189975,0.6855808437054997,0.6855808437054997,-0.18139550900814697,1.175915071471422,1.175915071471422,0.005378833871414931,0.005378833871414931,0.005378833871414931,0.005378833871414931,0.6610992351412158,0.6610992351412158,-0.33980364639992344,-0.33980364639992344,1.321828532833977,1.321828532833977,-1.6275053196832143,-1.6275053196832143,1.5177396211433736,1.5177396211433736,-0.3145325660390858,-0.3145325660390858,-1.684361504645002,-1.684361504645002,0.12404749669497295,-0.5362574592893885,0.3653539559805359,0.0,-0.3159810022133457,-0.3159810022133457,-0.3159810022133457,-0.3159810022133457
Nexto-EZ50,0.0,1.0,1.0,-0.003693263896573378,-0.003693263896573378,0.04311055733028642,0.04311055733028642,0.0,0.0,0.08192319205190401,0.08192319205190401,-0.40784471824733864,-0.40784471824733864,-0.40784471824733864,-0.40784471824733864,-0.28021862264686176,-0.28021862264686176,-0.28021862264686176,-0.28021862264686176,1.8626387705083156,-0.1318297265125007,-0.06360589583377797,-0.02684155296574308,-0.02684155296574308,-0.35556931214854376,-0.35556931214854376,1.2806544264449617,1.2806544264449617,-0.1343523037251147,-0.1343523037251147,1.2377352615474224,1.2377352615474224,-0.7953476070604443,-0.7953476070604443,-0.8863279425622026,-0.8863279425622026,-0.08695566444606329,-0.08695566444606329,-0.7601892929355608,-0.7601892929355608,-0.054166229014779715,-0.054166229014779715,-0.48866434413422344,-0.48866434413422344,-0.3830496406316438,-0.3830496406316438,-0.12201158927940887,-0.12201158927940887,0.9566210405136247,0.9566210405136247,0.10885809451937106,0.10885809451937106,0.36832005509041926,0.1060375868919785,0.1060375868919785,-0.2661359855396769,-0.2661359855396769,0.31736412343927434,0.31736412343927434,-0.31915857114649304,-0.31915857114649304,0.18744305108145742,0.18744305108145742,-0.6769462991053322,-0.6769462991053322,0.3834914685542993,0.3834914685542993,0.1866214625056929,0.1866214625056929,-0.6598012470516116,1.6029233376481955,1.6029233376481955,-0.21176668167826743,-0.21176668167826743,-0.21176668167826743,-0.21176668167826743,-0.6566556507958649,-0.6566556507958649,0.25386039739145705,0.25386039739145705,0.4698092479756905,0.4698092479756905,-0.8355522981622495,-0.8355522981622495,0.2665564209176534,0.2665564209176534,0.24016571635946476,0.24016571635946476,-0.7802061325690848,-0.7802061325690848,-0.3483914605408246,-0.6852488657724966,-0.03580658892090279,0.0,-0.019748812638334102,-0.019748812638334102,-0.3159810022133457,-0.3159810022133457
Nexto-EZ90,0.0,-1.0,-1.0,-0.39213772548910936,-0.39213772548910936,-0.9268769826011581,-0.9268769826011581,0.0,0.0,3.358850874128065,3.358850874128065,-0.40784471824733864,-0.40784471824733864,0.42638311453130856,0.42638311453130856,-0.44188321263543584,-0.44188321263543584,-0.44188321263543584,-0.44188321263543584,-2.2370546611960243,0.039707748949548635,0.39652186126163413,-0.2087963110508288,-0.2087963110508288,-0.26647752488619364,-0.26647752488619364,0.20045928978416686,0.20045928978416686,-0.1343523037251147,-0.1343523037251147,0.09056599474737238,0.09056599474737238,0.03765118600817161,0.03765118600817161,-0.22282799493187527,-0.22282799493187527,0.7080675533465153,0.7080675533465153,-0.21065486430744454,-0.21065486430744454,0.6149460117560288,0.6149460117560288,-0.9008279829968616,-0.9008279829968616,-0.15598149585133694,-0.15598149585133694,-0.23371234002816346,-0.23371234002816346,0.5241405431154273,0.5241405431154273,-0.12062653717011397,-0.12062653717011397,0.04066625213932027,-0.6165835123277273,-0.6165835123277273,-0.8651093292307409,-0.8651093292307409,-0.3998533979377447,-0.3998533979377447,-0.34953153855521574,-0.34953153855521574,-0.7440185491542902,-0.7440185491542902,-0.7525883173836609,-0.7525883173836609,-0.19430911817511015,-0.19430911817511015,-0.01817088137939987,-0.01817088137939987,-0.8990041160733439,2.473363264854695,2.473363264854695,-1.016599601697276,-1.016599601697276,-1.016599601697276,-1.016599601697276,-0.5971646782916845,-0.5971646782916845,-0.6063999028358351,-0.6063999028358351,-0.7142962935793297,-0.7142962935793297,-0.4498506270023384,-0.4498506270023384,-0.537912777386045,-0.537912777386045,-1.4049678338132936,-1.4049678338132936,-0.03191762026072333,-0.03191762026072333,-1.634045016297257,-1.6193747625991735,-1.2773129198244073,0.0,-0.019748812638334102,-0.019748812638334102,-0.3159810022133457,-0.3159810022133457
PenguinBot,0.0,-1.0,-1.0,-0.613733559283509,-0.613733559283509,-0.60354780262401,-0.60354780262401,0.0,0.0,0.08192319205190401,0.08192319205190401,-0.6859206625068878,-0.6859206625068878,0.565421086661083,0.565421086661083,0.6897689172845828,0.6897689172845828,0.6897689172845828,0.6897689172845828,0.04066668123504529,-0.28430748247876675,-0.856857820962067,-0.5688344493894026,-0.5688344493894026,-0.5523690810265709,-0.5523690810265709,-0.1319084445730008,-0.1319084445730008,-0.47982965616112405,-0.47982965616112405,-0.15094332457895396,-0.15094332457895396,-0.13487930834908216,-0.13487930834908216,0.03571893301797059,0.03571893301797059,-0.5093117488983706,-0.5093117488983706,0.06411235000661358,0.06411235000661358,-0.43651608088381316,-0.43651608088381316,0.5981969011150655,0.5981969011150655,-0.3192250810177197,-0.3192250810177197,-0.15208486832715049,-0.15208486832715049,0.02711071774734962,0.02711071774734962,0.3206900622327419,0.3206900622327419,-0.2591021207733873,-0.12405451881941859,-0.12405451881941859,0.26401848164724123,0.26401848164724123,0.06021346656783854,0.06021346656783854,-0.6755062028572812,-0.6755062028572812,-0.172751526095507,-0.172751526095507,0.36736143350698763,0.36736143350698763,-0.04881976180439545,-0.04881976180439545,1.778201268017295,1.778201268017295,2.6292382019972083,-0.10510972705889816,-0.10510972705889816,-0.04243302276337716,-0.04243302276337716,-0.04243302276337716,-0.04243302276337716,1.0110812439534347,1.0110812439534347,-0.5882708607121074,-0.5882708607121074,-0.3612785394908022,-0.3612785394908022,0.5333724855446477,0.5333724855446477,-0.34607535320821387,-0.34607535320821387,-0.05614472186270384,-0.05614472186270384,0.5702855814605836,0.5702855814605836,-0.5032894793066598,-0.7856925105925693,-0.2658560009259932,0.0,-0.3159810022133457,-0.3159810022133457,-0.3159810022133457,-0.3159810022133457
Phoenix CS,0.0,1.0,1.0,-0.12491922003115676,-0.12491922003115676,-0.11855403265828768,-0.11855403265828768,0.0,0.0,-0.7373087284671364,-0.7373087284671364,0.14830717027175946,0.14830717027175946,-0.5468826903771132,-0.5468826903771132,-0.28021862264686176,-0.28021862264686176,-0.28021862264686176,-0.28021862264686176,-0.3388966023169148,-0.5130241164281658,1.4427399514898902,-0.4359171438378861,-0.4359171438378861,-0.30902882626522654,-0.30902882626522654,-0.5473681125194604,-0.5473681125194604,-0.36467053868245425,-0.36467053868245425,-0.5132073035684435,-0.5132073035684435,-0.9436160006487092,-0.9436160006487092,-1.007813848466347,-1.007813848466347,-0.2194595340781597,-0.2194595340781597,-1.034956507249619,-1.034956507249619,-0.14975369198203808,-0.14975369198203808,-0.7858250939455758,-0.7858250939455758,-0.6475533444162714,-0.6475533444162714,-0.8394741037041018,-0.8394741037041018,-0.43764444363578797,-0.43764444363578797,-0.7561224403102264,-0.7561224403102264,-1.1374931669827164,-0.8246978872714872,-0.8246978872714872,0.4326402989639611,0.4326402989639611,-0.7723514687967792,-0.7723514687967792,-0.9976307726990863,-0.9976307726990863,-0.08762895643442996,-0.08762895643442996,-0.512972318692771,-0.512972318692771,0.20059056340254375,0.20059056340254375,0.38786249406907874,0.38786249406907874,-0.48039909528531227,1.3401490200009503,1.3401490200009503,-0.3830925012862745,-0.3830925012862745,-0.3830925012862745,-0.3830925012862745,-0.3570121571794911,-0.3570121571794911,-0.08425865536820203,-0.08425865536820203,-0.7085267141700534,-0.7085267141700534,0.4931513185612144,0.4931513185612144,-0.8769482251198432,-0.8769482251198432,2.0684846784483155,2.0684846784483155,-0.7289593205581968,-0.7289593205581968,-0.5729935877512857,-0.42242132849330605,-0.09474486802964496,0.0,-0.3159810022133457,-0.3159810022133457,-0.3159810022133457,-0.3159810022133457
Raisin Bran,0.0,1.0,1.0,0.5711523990641929,0.5711523990641929,0.6897689172845828,0.6897689172845828,0.0,0.0,-0.7373087284671364,-0.7373087284671364,0.8434970309206321,0.8434970309206321,-0.8249586346366623,-0.8249586346366623,-0.60354780262401,-0.60354780262401,-0.60354780262401,-0.60354780262401,0.2032878540259843,1.0403430224781696,0.13626860498594864,0.7500149319081689,0.7500149319081689,0.4914675309278298,0.4914675309278298,1.0988908217183857,1.0988908217183857,0.44144328366823427,0.44144328366823427,1.1169806018842594,1.1169806018842594,1.752172973683381,1.752172973683381,1.0481014822191743,1.0481014822191743,2.596247695603889,2.596247695603889,1.163181207262846,1.163181207262846,2.6222827340684542,2.6222827340684542,0.1404937970624104,0.1404937970624104,-0.4192578042587738,-0.4192578042587738,0.1701288357557954,0.1701288357557954,0.13038964249915797,0.13038964249915797,1.6799451883935377,1.6799451883935377,1.1212266661269872,0.6320818360216912,0.6320818360216912,-0.6430828181562781,-0.6430828181562781,1.1025731250796258,1.1025731250796258,0.2343994545843112,0.2343994545843112,-0.26291839618094404,-0.26291839618094404,0.4425058069282215,0.4425058069282215,0.6592284391997489,0.6592284391997489,-0.1655503427302325,-0.1655503427302325,0.11760807726901838,-0.36788404470614333,-0.36788404470614333,0.0013945124851824457,0.0013945124851824457,0.0013945124851824457,0.0013945124851824457,-0.8466686231754379,-0.8466686231754379,0.6010439712129795,0.6010439712129795,-1.1938422658759464,-1.1938422658759464,1.665712501012747,1.665712501012747,-1.110385090737404,-1.110385090737404,-0.29139335611284267,-0.29139335611284267,1.7931918713967554,1.7931918713967554,0.4086726061771952,0.29742479271721567,1.0973293578149144,0.0,-0.3159810022133457,-0.3159810022133457,-0.3159810022133457,-0.3159810022133457
RedBot,0.0,1.0,1.0,0.6024365167763435,0.6024365167763435,0.6897689172845828,0.6897689172845828,0.0,0.0,-0.7373087284671364,-0.7373087284671364,0.565421086661083,0.565421086661083,-0.6859206625068878,-0.6859206625068878,-0.60354780262401,-0.60354780262401,-0.60354780262401,-0.60354780262401,0.609840786003331,-0.4272553786971412,-0.7871099482801831,-0.5081828633610407,-0.5081828633610407,-0.4832232162856424,-0.4832232162856424,-0.1578746738196545,-0.1578746738196545,-0.5949887736397939,-0.5949887736397939,-0.15094332457895396,-0.15094332457895396,-0.45567819629460093,-0.45567819629460093,-0.3910392492606906,-0.3910392492606906,-0.36024489556226214,-0.36024489556226214,-0.48542207862150266,-0.48542207862150266,-0.34092861791655477,-0.34092861791655477,1.3205325655576317,1.3205325655576317,-0.6727149496486838,-0.6727149496486838,-0.500075668736732,-0.500075668736732,-0.9669489329888058,-0.9669489329888058,-0.9326490800713687,-0.9326490800713687,0.07552303968730952,0.0702858907645002,0.0702858907645002,-0.09611287888237431,-0.09611287888237431,0.20863066667573513,0.20863066667573513,0.0744066403468145,0.0744066403468145,-0.7498510215199568,-0.7498510215199568,1.22654527928024,1.22654527928024,0.23938772510140113,0.23938772510140113,-0.5745431451134668,-0.5745431451134668,-0.5401998125407454,-0.4828478086768131,-0.4828478086768131,-0.04243302276337716,-0.04243302276337716,-0.04243302276337716,-0.04243302276337716,-0.48992175461358,-0.48992175461358,0.3486032682161429,0.3486032682161429,0.21661863529418074,0.21661863529418074,-0.22292596437091558,-0.22292596437091558,0.16159783020818116,0.16159783020818116,0.04219692032382912,0.04219692032382912,-0.1694972359082112,-0.1694972359082112,-0.13927913520694699,0.45813462442933217,-0.878053609732928,0.0,-0.3159810022133457,-0.3159810022133457,-0.3159810022133457,-0.3159810022133457
RocketNoodles,0.0,-1.0,-1.0,-0.6332861328536031,-0.6332861328536031,-0.44188321263543584,-0.44188321263543584,0.0,0.0,-0.7373087284671364,-0.7373087284671364,-0.40784471824733864,-0.40784471824733864,-0.2688067461175641,-0.2688067461175641,-0.28021862264686176,-0.28021862264686176,-0.28021862264686176,-0.28021862264686176,-0.18720794534385432,-1.1134052805453385,0.5443457108262236,-1.042433004121505,-1.042433004121505,-0.7624661315855458,-0.7624661315855458,-1.2172968270831264,-1.2172968270831264,-0.7101478911184637,-0.7101478911184637,-1.2377352615474224,-1.2377352615474224,-0.665949736292504,-0.665949736292504,-0.38480920280406783,-0.38480920280406783,-1.0227642437227442,-1.0227642437227442,-0.48542207862150266,-0.48542207862150266,-1.0100408586873633,-1.0100408586873633,-0.35876144573505186,-0.35876144573505186,2.71428259370946,2.71428259370946,-0.7707351801664066,-0.7707351801664066,-0.2439964597261473,-0.2439964597261473,-0.8973437521191402,-0.8973437521191402,-0.5728132087052906,-0.7011397746391645,-0.7011397746391645,0.45677361538509853,0.45677361538509853,-1.096435372775698,-1.096435372775698,-0.8581717955829794,-0.8581717955829794,0.5485834345879899,0.5485834345879899,-1.5697211727324478,-1.5697211727324478,-0.5393267347113762,-0.5393267347113762,0.002545107163889837,0.002545107163889837,-0.4205983780298793,0.4532856979414978,0.4532856979414978,-0.38110034059315767,-0.38110034059315767,-0.38110034059315767,-0.38110034059315767,-0.0762704775694623,-0.0762704775694623,-0.35184828397527707,-0.35184828397527707,0.22721856025540932,0.22721856025540932,-0.8626005938628991,-0.8626005938628991,0.5660723992837081,0.5660723992837081,-1.0511307486911592,-1.0511307486911592,-0.7412925782205682,-0.7412925782205682,0.5035476426712693,0.14173714324610284,0.22656381485349786,0.0,-0.3159810022133457,-0.3159810022133457,-0.019748812638334102,-0.019748812638334102
Self-driving car,0.0,-1.0,-1.0,-0.036280886513396865,-0.036280886513396865,-0.11855403265828768,-0.11855403265828768,0.0,0.0,0.9011551125709444,0.9011551125709444,-0.2688067461175641,-0.2688067461175641,0.9825350030504066,0.9825350030504066,1.013098097261731,1.013098097261731,1.013098097261731,1.013098097261731,0.609840786003331,-0.36054636046189975,-0.0760980521350106,-0.038455686460535786,-0.038455686460535786,-0.15212090243004273,-0.15212090243004273,0.43934859885338107,0.43934859885338107,-0.24951142120378447,-0.24951142120378447,0.3320753140736987,0.3320753140736987,-0.4610697742432651,-0.4610697742432651,-0.5685955732744402,-0.5685955732744402,0.09523715629806931,0.09523715629806931,-0.48542207862150266,-0.48542207862150266,0.041421233952478646,0.041421233952478646,-0.14764300342557424,-0.14764300342557424,-0.29222238271952117,-0.29222238271952117,0.1959059320824311,0.1959059320824311,-0.6764769571243447,-0.6764769571243447,0.0735527665671426,0.0735527665671426,0.7447733606087031,0.7929174406407765,0.7929174406407765,-0.2030779652134794,-0.2030779652134794,1.433535544571566,1.433535544571566,0.12403008005684024,0.12403008005684024,0.4874212919426226,0.4874212919426226,0.397468947361191,0.397468947361191,-0.3966086041762943,-0.3966086041762943,-0.02468162063586232,-0.02468162063586232,0.35681094629075094,-0.3350372550002377,-0.3350372550002377,0.4556071505157119,0.4556071505157119,0.4556071505157119,0.4556071505157119,-0.10571751412671558,-0.10571751412671558,0.6128402657455425,0.6128402657455425,0.45330556733985256,0.45330556733985256,0.18016389688227039,0.18016389688227039,0.41487442943545955,0.41487442943545955,0.7007002694748321,0.7007002694748321,-0.07848630005484979,-0.07848630005484979,0.383501678127747,0.38280189081427757,0.2303662844734167,0.0,-0.3159810022133457,-0.3159810022133457,-0.3159810022133457,-0.3159810022133457
Tankar,0.0,1.0,1.0,0.11492568242866412,0.11492568242866412,0.04311055733028642,0.04311055733028642,0.0,0.0,-0.7373087284671364,-0.7373087284671364,0.565421086661083,0.565421086661083,-0.1297687739877896,-0.1297687739877896,-0.11855403265828768,-0.11855403265828768,-0.11855403265828768,-0.11855403265828768,-0.5288490646525493,0.47808129735256355,0.7233999511438951,0.6545209453954289,0.6545209453954289,0.8398563109686616,0.8398563109686616,-0.6460397836567444,-0.6460397836567444,0.9020797535829134,0.9020797535829134,-0.6943392930631882,-0.6943392930631882,2.8493590862365417,2.8493590862365417,3.1943524865257262,3.1943524865257262,0.26086699333818986,0.26086699333818986,3.086551707461253,3.086551707461253,0.23259615988699536,0.23259615988699536,0.6342926984085347,0.6342926984085347,0.1858481166963139,0.1858481166963139,-0.4141520143146132,-0.4141520143146132,0.9630759733106128,0.9630759733106128,1.697597852369652,1.697597852369652,0.09643711221610307,0.2664969678745279,0.2664969678745279,-0.18626249312649326,-0.18626249312649326,0.5393285278787137,0.5393285278787137,0.27632270537381587,0.27632270537381587,-0.6864819974389326,-0.6864819974389326,1.4467531285444533,1.4467531285444533,0.03985946493584973,0.03985946493584973,-0.27208971238143687,-0.27208971238143687,0.23720951177988467,-0.5485413880886244,-0.5485413880886244,0.30420293783886837,0.30420293783886837,0.30420293783886837,0.30420293783886837,0.286047451962687,0.286047451962687,0.0063865552504360065,0.0063865552504360065,-1.128230072128592,-1.128230072128592,1.7384267504937134,1.7384267504937134,-1.0783855203991504,-1.0783855203991504,-0.18341037645704136,-0.18341037645704136,1.8712316224672776,1.8712316224672776,-0.23221794646644814,-0.6132642536514443,0.4623169312884665,0.0,-0.3159810022133457,-0.3159810022133457,-0.019748812638334102,-0.019748812638334102
Vector,0.0,-1.0,-1.0,0.6650047522006446,0.6650047522006446,0.6897689172845828,0.6897689172845828,0.0,0.0,0.08192319205190401,0.08192319205190401,0.565421086661083,0.565421086661083,3.3461805292565736,3.3461805292565736,3.7613961270674903,3.7613961270674903,3.7613961270674903,3.7613961270674903,0.609840786003331,-0.18900888499985047,-1.050486243631177,0.01574360318183017,0.01574360318183017,-0.28908290374380485,-0.28908290374380485,1.192369247006339,1.192369247006339,-0.36467053868245425,-0.36467053868245425,1.177357931715841,1.177357931715841,-0.23462350039936952,-0.23462350039936952,-0.7710720831146809,-0.7710720831146809,1.3291794422469672,1.3291794422469672,-0.7601892929355608,-0.7601892929355608,1.2840582525268374,1.2840582525268374,1.2542170309952114,1.2542170309952114,-0.03569674888663405,-0.03569674888663405,-0.07904976206834942,-0.07904976206834942,-0.5861078979665124,-0.5861078979665124,-0.5442904725968556,-0.5442904725968556,0.054608967158515966,2.242642970748907,2.242642970748907,3.1031863844823215,3.1031863844823215,1.048074117553375,1.048074117553375,1.094681672315878,1.094681672315878,3.224269540934508,3.224269540934508,1.5781313708173397,1.5781313708173397,-0.47835976632745775,-0.47835976632745775,4.2576091539556,4.2576091539556,2.808640353763507,0.8474471744123655,0.8474471744123655,3.1689300145401873,3.1689300145401873,3.1689300145401873,3.1689300145401873,2.468112654147794,2.468112654147794,1.7442911687003755,1.7442911687003755,2.6861327987298913,2.6861327987298913,1.1296644589453295,1.1296644589453295,2.530846018052486,2.530846018052486,2.8928190320707277,2.8928190320707277,0.3470110892969637,0.3470110892969637,2.362323867861292,-0.003906141743002704,2.854070322217423,0.0,-0.3159810022133457,-0.3159810022133457,-0.3159810022133457,-0.3159810022133457
VirxEB,0.0,1.0,1.0,-0.12100870531713794,-0.12100870531713794,0.04311055733028642,0.04311055733028642,0.0,0.0,-0.7373087284671364,-0.7373087284671364,0.009269198141984935,0.009269198141984935,-1.1030345788962113,-1.1030345788962113,-0.9268769826011581,-0.9268769826011581,-0.9268769826011581,-0.9268769826011581,0.32525373361918813,0.020648029453765378,-0.17291226346956556,-0.4823736778170569,-0.4823736778170569,-0.36620713749330197,-0.36620713749330197,-0.5110153915741451,-0.5110153915741451,-0.36467053868245425,-0.36467053868245425,-0.5132073035684435,-0.5132073035684435,-0.4395034624486084,-0.4395034624486084,-0.38480920280406783,-0.38480920280406783,-0.32711892815423804,-0.32711892815423804,-0.21065486430744454,-0.21065486430744454,-0.24534115494929642,-0.24534115494929642,-0.9914871948037148,-0.9914871948037148,-0.4517837817543313,-0.4517837817543313,-0.4828909378523083,-0.4828909378523083,-0.22463166133518322,-0.22463166133518322,0.9561859653728543,0.9561859653728543,-0.9841233017715638,-1.6166486421794979,-1.6166486421794979,-0.9646008724120742,-0.9646008724120742,-0.9445789149112904,-0.9445789149112904,-0.5754037468905052,-0.5754037468905052,-1.5602494115710615,-1.5602494115710615,-0.1452127693001075,-0.1452127693001075,-0.8718738349872953,-0.8718738349872953,-0.5988104459784633,-0.5988104459784633,-0.12159479175271382,-0.7784689160299639,-0.7784689160299639,-0.624143945153354,-0.624143945153354,-0.624143945153354,-0.624143945153354,-1.6321882199864894,-1.6321882199864894,-0.3610369765585356,-0.3610369765585356,-0.676861115551698,-0.676861115551698,-1.0654628116177702,-1.0654628116177702,-0.7396700683687345,-0.7396700683687345,-0.6346249700187824,-0.6346249700187824,-0.9596762957939375,-0.9596762957939375,1.3206346916610503,1.5429259884861184,1.3273787698200048,0.0,-0.3159810022133457,-0.3159810022133457,4.719966220561852,4.719966220561852
Zoomelette,0.0,-1.0,-1.0,-0.7884032165096829,-0.7884032165096829,-0.60354780262401,-0.60354780262401,0.0,0.0,-0.7373087284671364,-0.7373087284671364,-0.8249586346366623,-0.8249586346366623,0.14830717027175946,0.14830717027175946,0.36643973730743457,0.36643973730743457,0.36643973730743457,0.36643973730743457,1.1793565318909256,0.6686784923103961,-0.8131352739077516,-0.2681574378019915,-0.2681574378019915,-0.05903993066340826,-0.05903993066340826,-0.8485763717806435,-0.8485763717806435,-0.24951142120378447,-0.24951142120378447,-0.9358486123895146,-0.9358486123895146,-0.11331299655442545,-0.11331299655442545,0.23819544285821131,0.23819544285821131,-0.9813567844627141,-0.9813567844627141,0.06411235000661358,0.06411235000661358,-1.0100408586873633,-1.0100408586873633,1.791037086092273,1.791037086092273,-0.4665125262806215,-0.4665125262806215,0.7758905994317338,0.7758905994317338,-1.1218673201165184,-1.1218673201165184,-0.9503017440474829,-0.9503017440474829,0.4171195576576042,0.09644388416031376,0.09644388416031376,-0.24854201937458933,-0.24854201937458933,0.33376673735494217,0.33376673735494217,-0.4718789847368309,-0.4718789847368309,0.7320698625240889,0.7320698625240889,-1.6993576580055043,-1.6993576580055043,1.0347295399279743,1.0347295399279743,0.3316333823087209,0.3316333823087209,0.9548181188450816,-0.3186138601472849,-0.3186138601472849,-0.2456334134612464,-0.2456334134612464,-0.2456334134612464,-0.2456334134612464,0.08926961983347446,0.08926961983347446,-0.23425785321383824,-0.23425785321383824,0.17636575569457666,0.17636575569457666,-0.48339753920249456,-0.48339753920249456,-0.13679816319603483,-0.13679816319603483,0.215098238939368,0.215098238939368,-0.26646215821926916,-0.26646215821926916,-0.3116031810839387,-0.45088036119232666,-0.27916464459570917,0.0,-0.3159810022133457,-0.3159810022133457,-0.3159810022133457,-0.3159810022133457
king.,0.0,1.0,1.0,3.672190567281116,3.672190567281116,3.7613961270674903,3.7613961270674903,0.0,0.0,0.08192319205190401,0.08192319205190401,3.3461805292565736,3.3461805292565736,0.565421086661083,0.565421086661083,0.6897689172845828,0.6897689172845828,0.6897689172845828,0.6897689172845828,0.8588971619793698,-0.5034942566802743,0.17999115204026397,1.697212041372374,1.697212041372374,0.987456137627182,0.987456137627182,2.9736525733267842,2.9736525733267842,0.9020797535829134,0.9020797535829134,2.9886778266632885,2.9886778266632885,1.7953055972726946,1.7953055972726946,0.842509949150622,0.842509949150622,3.2753300274683834,3.2753300274683834,0.6136467786347298,0.6136467786347298,3.3869824378065214,3.3869824378065214,-0.05845280662485059,-0.05845280662485059,0.3527738879942693,0.3527738879942693,-0.5645184095533212,-0.5645184095533212,0.38213202158169085,0.38213202158169085,-0.5619431365729698,-0.5619431365729698,1.2048829562421612,3.0565505551114143,3.0565505551114143,1.73474949399603,1.73474949399603,2.654736606421924,2.654736606421924,2.197947629317226,2.197947629317226,2.6960367058710473,2.6960367058710473,2.3609267310266224,2.3609267310266224,-0.3841380879159472,-0.3841380879159472,0.17715129631447474,0.17715129631447474,-0.30099694351901307,0.5189792773533091,0.5189792773533091,3.1689300145401873,3.1689300145401873,3.1689300145401873,3.1689300145401873,-0.16520848663089593,-0.16520848663089593,3.3705655844158553,3.3705655844158553,1.8914067791683746,1.8914067791683746,2.1460832071249314,2.1460832071249314,1.923654170884122,1.923654170884122,1.7654253039976586,1.7654253039976586,1.8710189800937886,1.8710189800937886,1.0398820326479739,1.579755324920145,-0.045312762970699916,0.0,-0.3159810022133457,-0.3159810022133457,-0.3159810022133457,-0.3159810022133457
